-- =====================
-- environment_type
-- =====================
INSERT INTO environment_type (id, name, sunlight, ventilation, temperature, humidity, explanation) VALUES ('ENV-01', '햇빛이 풍부한 공간', '매우 높음'::sunlight_condition, '보통'::ventilation_condition, '보통~높음'::temperature_condition, '보통'::humidity_condition, '발코니나 남향 창가처럼 햇빛이 풍부하고 통풍이 잘 되는 공간입니다. 큰 식물이 잘 자라는 적극적인 환경입니다.');
INSERT INTO environment_type (id, name, sunlight, ventilation, temperature, humidity, explanation) VALUES ('ENV-02', '햇빛이 부족한 공간', '매우 낮음'::sunlight_condition, '보통'::ventilation_condition, '보통'::temperature_condition, '보통'::humidity_condition, '방안쪽이나 북향처럼 햇빛이 잘 들지 않는 공간입니다. 일부 식물에게는 오히려 좋은 환경입니다.');
INSERT INTO environment_type (id, name, sunlight, ventilation, temperature, humidity, explanation) VALUES ('ENV-03', '반음지 공간', '중간'::sunlight_condition, '보통'::ventilation_condition, '보통'::temperature_condition, '보통'::humidity_condition, '밝지만 직사광선이 직접 닿지 않는 공간입니다. 거실 안쪽이나 커튼 너머 빛이 들어오는 곳입니다.');
INSERT INTO environment_type (id, name, sunlight, ventilation, temperature, humidity, explanation) VALUES ('ENV-04', '온도가 높은 공간', '보통~높음'::sunlight_condition, '보통~낮음'::ventilation_condition, '높음'::temperature_condition, '보통~낮음'::humidity_condition, '온도가 높고 습도가 높은 공간입니다. 열대 식물에게 적합한 환경입니다.');
INSERT INTO environment_type (id, name, sunlight, ventilation, temperature, humidity, explanation) VALUES ('ENV-05', '온도가 낮은 공간', '보통'::sunlight_condition, '보통'::ventilation_condition, '낮음'::temperature_condition, '보통'::humidity_condition, '온도가 낮고 습도가 낮은 공간입니다. 일부 식물에게 손상이 올 수 있습니다.');
INSERT INTO environment_type (id, name, sunlight, ventilation, temperature, humidity, explanation) VALUES ('ENV-06', '건조한 공간', '보통'::sunlight_condition, '높음'::ventilation_condition, '보통'::temperature_condition, '낮음'::humidity_condition, '공기가 건조한 공간입니다. 건조에 잘 견디는 식물이 필요한 환경입니다.');
INSERT INTO environment_type (id, name, sunlight, ventilation, temperature, humidity, explanation) VALUES ('ENV-07', '습한 공간', '보통~낮음'::sunlight_condition, '낮음'::ventilation_condition, '보통'::temperature_condition, '높음'::humidity_condition, '습기가 많은 공간입니다. 욕실이나 주방 근처처럼 수증기가 많은 곳에 해당합니다.');
INSERT INTO environment_type (id, name, sunlight, ventilation, temperature, humidity, explanation) VALUES ('ENV-08', '통풍이 잘 되는 공간', '보통~높음'::sunlight_condition, '매우 높음'::ventilation_condition, '보통'::temperature_condition, '보통'::humidity_condition, '공기 순환이 좋은 개방된 공간입니다. 현관, 베란다 근처 등 바람이 잘 통하는 곳입니다.');
INSERT INTO environment_type (id, name, sunlight, ventilation, temperature, humidity, explanation) VALUES ('ENV-09', '밀폐된 공간', '낮음'::sunlight_condition, '매우 낮음'::ventilation_condition, '보통~높음'::temperature_condition, '보통~높음'::humidity_condition, '환기가 어렵고 공기 순환이 적은 공간입니다. 공기정화 효과가 좋은 식물이 추천됩니다.');

-- =====================
-- Mapping
-- =====================
INSERT INTO "Mapping" (keyword_id, category, display_keyword, env_condition, env_type_id) VALUES ('KW-S01', '햇빛'::category_type, '햇빛이 많이 들어요', '직사광선 4시간+', 'ENV-01');
INSERT INTO "Mapping" (keyword_id, category, display_keyword, env_condition, env_type_id) VALUES ('KW-S02', '햇빛'::category_type, '4시간 정도', '간접광 3~4시간', 'ENV-03');
INSERT INTO "Mapping" (keyword_id, category, display_keyword, env_condition, env_type_id) VALUES ('KW-S03', '햇빛'::category_type, '햇빛이 없어요', '직사광선 거의 없음', 'ENV-02');
INSERT INTO "Mapping" (keyword_id, category, display_keyword, env_condition, env_type_id) VALUES ('KW-S04', '햇빛'::category_type, '햇빛이 간접적', '간접광 위주', 'ENV-03');
INSERT INTO "Mapping" (keyword_id, category, display_keyword, env_condition, env_type_id) VALUES ('KW-V01', '통풍'::category_type, '통풍이 잘 돼요', '자연 환기 양호', 'ENV-08');
INSERT INTO "Mapping" (keyword_id, category, display_keyword, env_condition, env_type_id) VALUES ('KW-V02', '통풍'::category_type, '통풍이 안 돼요', '환기 어려움', 'ENV-09');
INSERT INTO "Mapping" (keyword_id, category, display_keyword, env_condition, env_type_id) VALUES ('KW-V03', '통풍'::category_type, '보통이에요', '일반적 환기', NULL);
INSERT INTO "Mapping" (keyword_id, category, display_keyword, env_condition, env_type_id) VALUES ('KW-T01', '온도'::category_type, '따뜻해요 (25°C+)', '연중 25°C 이상', 'ENV-04');
INSERT INTO "Mapping" (keyword_id, category, display_keyword, env_condition, env_type_id) VALUES ('KW-T02', '온도'::category_type, '서늘해요 (15°C-)', '겨울철 15°C 이하', 'ENV-05');
INSERT INTO "Mapping" (keyword_id, category, display_keyword, env_condition, env_type_id) VALUES ('KW-T03', '온도'::category_type, '보통이에요', '18~24°C', NULL);
INSERT INTO "Mapping" (keyword_id, category, display_keyword, env_condition, env_type_id) VALUES ('KW-H01', '습도'::category_type, '건조해요', '습도 40% 이하', 'ENV-06');
INSERT INTO "Mapping" (keyword_id, category, display_keyword, env_condition, env_type_id) VALUES ('KW-H02', '습도'::category_type, '습해요', '습도 60% 이상', 'ENV-07');
INSERT INTO "Mapping" (keyword_id, category, display_keyword, env_condition, env_type_id) VALUES ('KW-H03', '습도'::category_type, '보통이에요', '습도 40~60%', NULL);

-- =====================
-- plant_info
-- =====================
INSERT INTO plant_info (id, name_ko, name_en, management_difficulty, watering, appropriate_temperature, appropriate_humidity, sunlight_requirements, size, air_purification_effect, pet_stability, explanation, view_count, image_path) VALUES ('PLT-001', '스투키', 'Stucky', '쉬움'::management_difficulty, '2~3주 1회', '18~30°C', '40~60%', '높음'::sunlight_requirements, '중형'::plant_size, '높음'::air_purification, '안전'::pet_stability, '공기정화 효과가 뛰어나고 관리가 쉬운 다육식물입니다.', 0, 'http://localhost:8000/assets/P001_스투키.jpg');
INSERT INTO plant_info (id, name_ko, name_en, management_difficulty, watering, appropriate_temperature, appropriate_humidity, sunlight_requirements, size, air_purification_effect, pet_stability, explanation, view_count, image_path) VALUES ('PLT-002', '고무나무', 'Rubber Plant', '쉬움'::management_difficulty, '1~2주 1회', '18~28°C', '40~70%', '높음'::sunlight_requirements, '대형'::plant_size, '높음'::air_purification, '주의'::pet_stability, '큰 잎이 매력적이며 실내 공기정화에 효과적입니다.', 0, NULL);
INSERT INTO plant_info (id, name_ko, name_en, management_difficulty, watering, appropriate_temperature, appropriate_humidity, sunlight_requirements, size, air_purification_effect, pet_stability, explanation, view_count, image_path) VALUES ('PLT-003', '금전수', 'ZZ Plant', '쉬움'::management_difficulty, '2~3주 1회', '18~26°C', '40~60%', '높음~중간'::sunlight_requirements, '중형'::plant_size, '보통'::air_purification, '주의'::pet_stability, '건조에 강하고 반짝이는 잎이 인테리어 효과가 좋습니다.', 0, NULL);
INSERT INTO plant_info (id, name_ko, name_en, management_difficulty, watering, appropriate_temperature, appropriate_humidity, sunlight_requirements, size, air_purification_effect, pet_stability, explanation, view_count, image_path) VALUES ('PLT-004', '파키라', 'Pachira', '보통'::management_difficulty, '1주 1회', '20~30°C', '50~70%', '높음'::sunlight_requirements, '대형'::plant_size, '높음'::air_purification, '안전'::pet_stability, '행운의 나무로 불리며 공기정화 효과가 뛰어납니다.', 0, 'http://localhost:8000/assets/P018_파키라.jpg');
INSERT INTO plant_info (id, name_ko, name_en, management_difficulty, watering, appropriate_temperature, appropriate_humidity, sunlight_requirements, size, air_purification_effect, pet_stability, explanation, view_count, image_path) VALUES ('PLT-005', '선인장 (다양)', 'Cactus', '매우 쉬움'::management_difficulty, '3~4주 1회', '15~35°C', '30~50%', '매우 높음'::sunlight_requirements, '소형~중형'::plant_size, '보통'::air_purification, '주의'::pet_stability, '건조한 환경에도 잘 자라며 다양한 형태가 매력적입니다.', 0, 'http://localhost:8000/assets/P016_선인장(기둥형).jpg');
INSERT INTO plant_info (id, name_ko, name_en, management_difficulty, watering, appropriate_temperature, appropriate_humidity, sunlight_requirements, size, air_purification_effect, pet_stability, explanation, view_count, image_path) VALUES ('PLT-006', '스킨답서스', 'Pothos', '매우 쉬움'::management_difficulty, '1~2주 1회', '15~25°C', '40~60%', '낮음'::sunlight_requirements, '소형~중형'::plant_size, '높음'::air_purification, '주의'::pet_stability, '어두운 곳에서도 잘 자라는 대표적인 실내식물입니다.', 0, NULL);
INSERT INTO plant_info (id, name_ko, name_en, management_difficulty, watering, appropriate_temperature, appropriate_humidity, sunlight_requirements, size, air_purification_effect, pet_stability, explanation, view_count, image_path) VALUES ('PLT-007', '산세베리아', 'Snake Plant', '쉬움'::management_difficulty, '2~3주 1회', '15~30°C', '40~60%', '낮음~중간'::sunlight_requirements, '중형'::plant_size, '매우 높음'::air_purification, '주의'::pet_stability, '밤에도 산소를 배출하여 침실에 추천합니다.', 0, NULL);
INSERT INTO plant_info (id, name_ko, name_en, management_difficulty, watering, appropriate_temperature, appropriate_humidity, sunlight_requirements, size, air_purification_effect, pet_stability, explanation, view_count, image_path) VALUES ('PLT-008', '아글라오네마', 'Aglaonema', '쉬움'::management_difficulty, '1~2주 1회', '18~25°C', '50~70%', '낮음'::sunlight_requirements, '중형'::plant_size, '높음'::air_purification, '주의'::pet_stability, '다양한 잎 색상이 매력적이며 음지에서도 잘 자랍니다.', 0, NULL);
INSERT INTO plant_info (id, name_ko, name_en, management_difficulty, watering, appropriate_temperature, appropriate_humidity, sunlight_requirements, size, air_purification_effect, pet_stability, explanation, view_count, image_path) VALUES ('PLT-009', '필로덴드론', 'Philodendron', '쉬움'::management_difficulty, '1~2주 1회', '18~28°C', '50~70%', '낮음~중간'::sunlight_requirements, '중형~대형'::plant_size, '높음'::air_purification, '주의'::pet_stability, '다양한 잎 모양과 크기로 인테리어 포인트가 됩니다.', 0, NULL);
INSERT INTO plant_info (id, name_ko, name_en, management_difficulty, watering, appropriate_temperature, appropriate_humidity, sunlight_requirements, size, air_purification_effect, pet_stability, explanation, view_count, image_path) VALUES ('PLT-010', '스파티필름', 'Peace Lily', '보통'::management_difficulty, '1주 1회', '18~25°C', '50~70%', '중간'::sunlight_requirements, '중형'::plant_size, '매우 높음'::air_purification, '주의'::pet_stability, '공기정화 효과와 함께 흰 꽃이 피어 실내를 밝혀줍니다.', 0, 'http://localhost:8000/assets/P006_스파티필름.jpg');
INSERT INTO plant_info (id, name_ko, name_en, management_difficulty, watering, appropriate_temperature, appropriate_humidity, sunlight_requirements, size, air_purification_effect, pet_stability, explanation, view_count, image_path) VALUES ('PLT-011', '몬스테라', 'Monstera', '보통'::management_difficulty, '1~2주 1회', '18~28°C', '50~70%', '중간'::sunlight_requirements, '대형'::plant_size, '높음'::air_purification, '주의'::pet_stability, '독특한 잎 모양으로 인테리어 식물의 대표주자입니다.', 0, 'http://localhost:8000/assets/P011_몬스테라.jpg');
INSERT INTO plant_info (id, name_ko, name_en, management_difficulty, watering, appropriate_temperature, appropriate_humidity, sunlight_requirements, size, air_purification_effect, pet_stability, explanation, view_count, image_path) VALUES ('PLT-012', '칼라테아', 'Calathea', '어려움'::management_difficulty, '1주 1회', '18~24°C', '60~80%', '중간'::sunlight_requirements, '중형'::plant_size, '보통'::air_purification, '안전'::pet_stability, '다양한 무늬의 잎이 매력적이며 밤에 잎이 접히는 특성이 있습니다.', 0, NULL);
INSERT INTO plant_info (id, name_ko, name_en, management_difficulty, watering, appropriate_temperature, appropriate_humidity, sunlight_requirements, size, air_purification_effect, pet_stability, explanation, view_count, image_path) VALUES ('PLT-013', '보스턴 고사리', 'Boston Fern', '보통'::management_difficulty, '주 2~3회', '15~25°C', '60~80%', '중간'::sunlight_requirements, '중형'::plant_size, '높음'::air_purification, '안전'::pet_stability, '풍성한 잎이 매력적이며 공기정화와 가습 효과가 있습니다.', 0, 'http://localhost:8000/assets/P015_보스턴고사리_컨셉.jpg');
INSERT INTO plant_info (id, name_ko, name_en, management_difficulty, watering, appropriate_temperature, appropriate_humidity, sunlight_requirements, size, air_purification_effect, pet_stability, explanation, view_count, image_path) VALUES ('PLT-014', '아레카야자', 'Areca Palm', '보통'::management_difficulty, '1주 1회', '20~30°C', '50~70%', '높음~중간'::sunlight_requirements, '대형'::plant_size, '매우 높음'::air_purification, '안전'::pet_stability, '실내에서 열대 분위기를 연출하며 가습 효과가 뛰어납니다.', 0, NULL);
INSERT INTO plant_info (id, name_ko, name_en, management_difficulty, watering, appropriate_temperature, appropriate_humidity, sunlight_requirements, size, air_purification_effect, pet_stability, explanation, view_count, image_path) VALUES ('PLT-015', '알로카시아', 'Alocasia', '어려움'::management_difficulty, '1주 1회', '20~30°C', '60~80%', '중간'::sunlight_requirements, '중형~대형'::plant_size, '보통'::air_purification, '주의'::pet_stability, '독특하고 큰 잎이 열대 느낌을 줍니다.', 0, 'http://localhost:8000/assets/P019_알로카시아.jpg');
INSERT INTO plant_info (id, name_ko, name_en, management_difficulty, watering, appropriate_temperature, appropriate_humidity, sunlight_requirements, size, air_purification_effect, pet_stability, explanation, view_count, image_path) VALUES ('PLT-016', '크로톤', 'Croton', '보통'::management_difficulty, '1주 1회', '20~30°C', '50~70%', '높음'::sunlight_requirements, '중형'::plant_size, '보통'::air_purification, '주의'::pet_stability, '다양한 색상의 잎이 화려하여 포인트 식물로 좋습니다.', 0, 'http://localhost:8000/assets/P005_크로톤.jpg');
INSERT INTO plant_info (id, name_ko, name_en, management_difficulty, watering, appropriate_temperature, appropriate_humidity, sunlight_requirements, size, air_purification_effect, pet_stability, explanation, view_count, image_path) VALUES ('PLT-017', '아이비', 'Ivy', '쉬움'::management_difficulty, '1~2주 1회', '10~22°C', '40~60%', '중간'::sunlight_requirements, '소형~중형'::plant_size, '높음'::air_purification, '주의'::pet_stability, '서늘한 환경을 좋아하며 덩굴성으로 행잉에 좋습니다.', 0, 'http://localhost:8000/assets/P020_아이비.jpg');
INSERT INTO plant_info (id, name_ko, name_en, management_difficulty, watering, appropriate_temperature, appropriate_humidity, sunlight_requirements, size, air_purification_effect, pet_stability, explanation, view_count, image_path) VALUES ('PLT-018', '시클라멘', 'Cyclamen', '보통'::management_difficulty, '1주 1회 (저면관수)', '10~18°C', '50~60%', '중간'::sunlight_requirements, '소형'::plant_size, '보통'::air_purification, '주의'::pet_stability, '서늘한 곳에서 꽃이 피며 겨울철 실내를 밝혀줍니다.', 0, 'http://localhost:8000/assets/P021_시클라멘.jpg');
INSERT INTO plant_info (id, name_ko, name_en, management_difficulty, watering, appropriate_temperature, appropriate_humidity, sunlight_requirements, size, air_purification_effect, pet_stability, explanation, view_count, image_path) VALUES ('PLT-019', '동백', 'Camellia', '어려움'::management_difficulty, '1주 1회', '5~15°C', '60~70%', '높음~중간'::sunlight_requirements, '중형~대형'::plant_size, '보통'::air_purification, '안전'::pet_stability, '겨울에 꽃이 피어 추운 환경에서 화사함을 줍니다.', 0, NULL);
INSERT INTO plant_info (id, name_ko, name_en, management_difficulty, watering, appropriate_temperature, appropriate_humidity, sunlight_requirements, size, air_purification_effect, pet_stability, explanation, view_count, image_path) VALUES ('PLT-020', '알로에', 'Aloe Vera', '매우 쉬움'::management_difficulty, '3~4주 1회', '15~30°C', '30~50%', '높음'::sunlight_requirements, '소형~중형'::plant_size, '보통'::air_purification, '주의'::pet_stability, '건조에 매우 강하며 피부 진정 등 활용도가 높습니다.', 0, 'http://localhost:8000/assets/P024_알로에.jpg');
INSERT INTO plant_info (id, name_ko, name_en, management_difficulty, watering, appropriate_temperature, appropriate_humidity, sunlight_requirements, size, air_purification_effect, pet_stability, explanation, view_count, image_path) VALUES ('PLT-021', '에케베리아', 'Echeveria', '쉬움'::management_difficulty, '2~3주 1회', '10~28°C', '30~50%', '높음'::sunlight_requirements, '소형'::plant_size, '보통'::air_purification, '안전'::pet_stability, '다양한 색상의 로제트 형태가 아름다운 다육식물입니다.', 0, NULL);
INSERT INTO plant_info (id, name_ko, name_en, management_difficulty, watering, appropriate_temperature, appropriate_humidity, sunlight_requirements, size, air_purification_effect, pet_stability, explanation, view_count, image_path) VALUES ('PLT-022', '유칼립투스', 'Eucalyptus', '보통'::management_difficulty, '1~2주 1회', '15~25°C', '30~50%', '높음'::sunlight_requirements, '중형'::plant_size, '높음'::air_purification, '주의'::pet_stability, '상쾌한 향이 나며 건조한 환경에서도 잘 자랍니다.', 0, 'http://localhost:8000/assets/P017_유칼립투스.jpg');
INSERT INTO plant_info (id, name_ko, name_en, management_difficulty, watering, appropriate_temperature, appropriate_humidity, sunlight_requirements, size, air_purification_effect, pet_stability, explanation, view_count, image_path) VALUES ('PLT-023', '틸란드시아', 'Tillandsia', '쉬움'::management_difficulty, '분무 주 2~3회', '15~30°C', '60~80%', '중간'::sunlight_requirements, '소형'::plant_size, '보통'::air_purification, '안전'::pet_stability, '흙 없이 공중에서 자라며 습한 환경에서 잘 자랍니다.', 0, 'http://localhost:8000/assets/P026_틸란드시아.jpg');
INSERT INTO plant_info (id, name_ko, name_en, management_difficulty, watering, appropriate_temperature, appropriate_humidity, sunlight_requirements, size, air_purification_effect, pet_stability, explanation, view_count, image_path) VALUES ('PLT-024', '네프롤레피스', 'Nephrolepis', '보통'::management_difficulty, '주 2~3회', '15~25°C', '60~80%', '낮음~중간'::sunlight_requirements, '중형'::plant_size, '높음'::air_purification, '안전'::pet_stability, '습한 환경을 좋아하는 고사리류로 욕실에 추천됩니다.', 0, NULL);
INSERT INTO plant_info (id, name_ko, name_en, management_difficulty, watering, appropriate_temperature, appropriate_humidity, sunlight_requirements, size, air_purification_effect, pet_stability, explanation, view_count, image_path) VALUES ('PLT-025', '싱고니움', 'Syngonium', '쉬움'::management_difficulty, '1주 1회', '18~28°C', '60~80%', '낮음~중간'::sunlight_requirements, '소형~중형'::plant_size, '높음'::air_purification, '주의'::pet_stability, '화살표 모양의 잎이 매력적이며 습한 곳에서 잘 자랍니다.', 0, 'http://localhost:8000/assets/P031_싱고니움.jpg');
INSERT INTO plant_info (id, name_ko, name_en, management_difficulty, watering, appropriate_temperature, appropriate_humidity, sunlight_requirements, size, air_purification_effect, pet_stability, explanation, view_count, image_path) VALUES ('PLT-026', '로즈마리', 'Rosemary', '보통'::management_difficulty, '1~2주 1회', '15~25°C', '40~60%', '높음'::sunlight_requirements, '소형'::plant_size, '보통'::air_purification, '안전'::pet_stability, '통풍이 좋은 곳에서 잘 자라며 향기와 요리 활용이 가능합니다.', 0, NULL);
INSERT INTO plant_info (id, name_ko, name_en, management_difficulty, watering, appropriate_temperature, appropriate_humidity, sunlight_requirements, size, air_purification_effect, pet_stability, explanation, view_count, image_path) VALUES ('PLT-027', '라벤더', 'Lavender', '보통'::management_difficulty, '2주 1회', '15~25°C', '30~50%', '높음'::sunlight_requirements, '소형~중형'::plant_size, '보통'::air_purification, '안전'::pet_stability, '좋은 향기와 보라색 꽃이 매력적이며 통풍이 중요합니다.', 0, NULL);
INSERT INTO plant_info (id, name_ko, name_en, management_difficulty, watering, appropriate_temperature, appropriate_humidity, sunlight_requirements, size, air_purification_effect, pet_stability, explanation, view_count, image_path) VALUES ('PLT-028', '제라늄', 'Geranium', '쉬움'::management_difficulty, '1~2주 1회', '15~25°C', '40~60%', '높음'::sunlight_requirements, '소형~중형'::plant_size, '보통'::air_purification, '주의'::pet_stability, '다양한 색상의 꽃이 피며 통풍이 좋은 곳에서 건강하게 자랍니다.', 0, NULL);
INSERT INTO plant_info (id, name_ko, name_en, management_difficulty, watering, appropriate_temperature, appropriate_humidity, sunlight_requirements, size, air_purification_effect, pet_stability, explanation, view_count, image_path) VALUES ('PLT-029', '스킨답서스', 'Pothos', '매우 쉬움'::management_difficulty, '1~2주 1회', '15~25°C', '40~60%', '낮음'::sunlight_requirements, '소형~중형'::plant_size, '매우 높음'::air_purification, '주의'::pet_stability, '밀폐된 공간에서도 공기정화 효과가 뛰어납니다.', 0, 'http://localhost:8000/assets/P006_스파티필름.jpg');
INSERT INTO plant_info (id, name_ko, name_en, management_difficulty, watering, appropriate_temperature, appropriate_humidity, sunlight_requirements, size, air_purification_effect, pet_stability, explanation, view_count, image_path) VALUES ('PLT-030', '산세베리아', 'Snake Plant', '쉬움'::management_difficulty, '2~3주 1회', '15~30°C', '40~60%', '낮음~중간'::sunlight_requirements, '중형'::plant_size, '매우 높음'::air_purification, '주의'::pet_stability, '밤에도 산소를 배출하여 밀폐된 공간에 최적입니다.', 0, NULL);
INSERT INTO plant_info (id, name_ko, name_en, management_difficulty, watering, appropriate_temperature, appropriate_humidity, sunlight_requirements, size, air_purification_effect, pet_stability, explanation, view_count, image_path) VALUES ('PLT-031', '드라세나', 'Dracaena', '쉬움'::management_difficulty, '1~2주 1회', '18~28°C', '40~60%', '낮음~중간'::sunlight_requirements, '중형~대형'::plant_size, '매우 높음'::air_purification, '주의'::pet_stability, 'NASA 공기정화 식물로 선정된 대표적인 실내식물입니다.', 0, 'http://localhost:8000/assets/P029_행운목(드라세나).jpg');
INSERT INTO plant_info (id, name_ko, name_en, management_difficulty, watering, appropriate_temperature, appropriate_humidity, sunlight_requirements, size, air_purification_effect, pet_stability, explanation, view_count, image_path) VALUES ('PLT-032', '관음죽', 'Lady Palm', '쉬움'::management_difficulty, '1~2주 1회', '15~28°C', '50~70%', '낮음~중간'::sunlight_requirements, '중형~대형'::plant_size, '매우 높음'::air_purification, '안전'::pet_stability, '공기정화와 가습 효과가 모두 뛰어난 식물입니다.', 0, 'http://localhost:8000/assets/P022_관음죽.jpg');

-- =====================
-- recommended_location
-- =====================
INSERT INTO recommended_location (id, plant_id, location) VALUES ('01742bde-4b12-4fcb-b0fc-d0e1e54390b2', 'PLT-001', '남향 창가'::location_type);
INSERT INTO recommended_location (id, plant_id, location) VALUES ('65c63eea-c7b8-4159-b79f-4feb91a6dba6', 'PLT-001', '발코니'::location_type);
INSERT INTO recommended_location (id, plant_id, location) VALUES ('cb8b509c-038a-44d9-8394-4fe2a09c6169', 'PLT-002', '거실 창가'::location_type);
INSERT INTO recommended_location (id, plant_id, location) VALUES ('7ec4ac83-f6dc-4401-a8b5-6e8a6464264c', 'PLT-003', '창가'::location_type);
INSERT INTO recommended_location (id, plant_id, location) VALUES ('32f01a11-c806-4b37-84e7-e10ca65fb151', 'PLT-003', '거실'::location_type);
INSERT INTO recommended_location (id, plant_id, location) VALUES ('c73adeca-9c05-4e0e-80ec-abbb6a0757cc', 'PLT-004', '거실 창가'::location_type);
INSERT INTO recommended_location (id, plant_id, location) VALUES ('301769c7-1b25-4142-b10e-eca02b569d4c', 'PLT-005', '창턱'::location_type);
INSERT INTO recommended_location (id, plant_id, location) VALUES ('e6b994af-f7ae-4622-9c4b-7e1af1e6c7cc', 'PLT-005', '선반'::location_type);
INSERT INTO recommended_location (id, plant_id, location) VALUES ('0139ba8a-ba51-4f9a-90eb-5d20e034635d', 'PLT-006', '책상'::location_type);
INSERT INTO recommended_location (id, plant_id, location) VALUES ('1684442a-3ddc-41c9-8e85-37bbcc55351f', 'PLT-006', '선반'::location_type);
INSERT INTO recommended_location (id, plant_id, location) VALUES ('8075d125-9015-40c0-96b7-1b29f4fcd7a4', 'PLT-006', '행잉'::location_type);
INSERT INTO recommended_location (id, plant_id, location) VALUES ('556d26d8-bd6f-4776-a8d5-1c3ce72ac592', 'PLT-007', '침실'::location_type);
INSERT INTO recommended_location (id, plant_id, location) VALUES ('12eda709-3704-4d81-af9d-98924fff0e5d', 'PLT-007', '복도'::location_type);
INSERT INTO recommended_location (id, plant_id, location) VALUES ('20704f97-6945-4bb0-b3b2-88afff581882', 'PLT-008', '실내 안쪽'::location_type);
INSERT INTO recommended_location (id, plant_id, location) VALUES ('c5ec5370-b66e-4e2e-830a-0c4209dccce0', 'PLT-008', '사무실'::location_type);
INSERT INTO recommended_location (id, plant_id, location) VALUES ('7293f071-d482-460e-b20e-72b765254259', 'PLT-009', '거실'::location_type);
INSERT INTO recommended_location (id, plant_id, location) VALUES ('0133ed93-5711-4af5-8f8e-9324e0225913', 'PLT-009', '서재'::location_type);
INSERT INTO recommended_location (id, plant_id, location) VALUES ('8f5cacf0-9792-4b30-987d-95d99d6a2c99', 'PLT-010', '거실'::location_type);
INSERT INTO recommended_location (id, plant_id, location) VALUES ('af0e9ef2-69b9-4b1a-a1b4-1c3efaec62ed', 'PLT-010', '서재'::location_type);
INSERT INTO recommended_location (id, plant_id, location) VALUES ('04dc30df-6e06-4870-8a4e-f72e9feaaf7d', 'PLT-011', '거실'::location_type);
INSERT INTO recommended_location (id, plant_id, location) VALUES ('25291534-1e46-4bf2-9361-612370086aba', 'PLT-012', '거실'::location_type);
INSERT INTO recommended_location (id, plant_id, location) VALUES ('ffb719b2-3bc2-47a1-a43a-e63cc04c2d8c', 'PLT-012', '침실'::location_type);
INSERT INTO recommended_location (id, plant_id, location) VALUES ('377984cf-fb85-4ea0-8101-4e04affc0f7d', 'PLT-013', '행잉'::location_type);
INSERT INTO recommended_location (id, plant_id, location) VALUES ('9aa8c014-ce61-40cc-97d9-f8953371b4e9', 'PLT-013', '선반'::location_type);
INSERT INTO recommended_location (id, plant_id, location) VALUES ('7e9abd76-4846-45ff-9669-41ee30d161df', 'PLT-014', '거실'::location_type);
INSERT INTO recommended_location (id, plant_id, location) VALUES ('2de49234-8dd7-4699-99ed-b5514b168d52', 'PLT-014', '로비'::location_type);
INSERT INTO recommended_location (id, plant_id, location) VALUES ('3411b1aa-704c-49b1-8018-48cfc0424969', 'PLT-015', '거실'::location_type);
INSERT INTO recommended_location (id, plant_id, location) VALUES ('bf338185-6b59-4454-a35b-eebcc3bbd62e', 'PLT-016', '창가'::location_type);
INSERT INTO recommended_location (id, plant_id, location) VALUES ('b4cabece-6836-4357-a06c-1a063f822b8d', 'PLT-016', '거실'::location_type);
INSERT INTO recommended_location (id, plant_id, location) VALUES ('53cc5b77-d401-4c55-97ec-311e7c62d194', 'PLT-017', '행잉'::location_type);
INSERT INTO recommended_location (id, plant_id, location) VALUES ('0516c8ea-1b09-4239-82bd-1c932b1d4dd3', 'PLT-017', '선반'::location_type);
INSERT INTO recommended_location (id, plant_id, location) VALUES ('73c91f19-d5b2-444f-8a35-6ba60ee84959', 'PLT-017', '창가'::location_type);
INSERT INTO recommended_location (id, plant_id, location) VALUES ('5ab83613-7d71-4062-bf89-d55cdc7c9e92', 'PLT-018', '창가'::location_type);
INSERT INTO recommended_location (id, plant_id, location) VALUES ('caf3f015-4a6f-4e83-a2ed-199a4398de98', 'PLT-018', '현관'::location_type);
INSERT INTO recommended_location (id, plant_id, location) VALUES ('f39179bf-3400-418c-8a22-07eb3af275fe', 'PLT-019', '베란다'::location_type);
INSERT INTO recommended_location (id, plant_id, location) VALUES ('871faa3f-b759-452b-9ce8-9d2197969939', 'PLT-019', '현관'::location_type);
INSERT INTO recommended_location (id, plant_id, location) VALUES ('394e065e-fb73-43bd-92f3-1cdcd04cd2a9', 'PLT-020', '창가'::location_type);
INSERT INTO recommended_location (id, plant_id, location) VALUES ('a2d3a59e-94a1-4b19-915a-f98688d6f21a', 'PLT-020', '주방'::location_type);
INSERT INTO recommended_location (id, plant_id, location) VALUES ('0b9f3cee-d3ec-4847-84de-052970c23beb', 'PLT-021', '창턱'::location_type);
INSERT INTO recommended_location (id, plant_id, location) VALUES ('abd28bfd-c61a-4a03-8f99-3593e79d35f6', 'PLT-021', '데스크'::location_type);
INSERT INTO recommended_location (id, plant_id, location) VALUES ('d1e4c364-22d4-406a-a52a-0d29fa1bb2f3', 'PLT-022', '거실'::location_type);
INSERT INTO recommended_location (id, plant_id, location) VALUES ('e35b2403-6acc-48cd-a21a-44e61abd81df', 'PLT-022', '선반'::location_type);
INSERT INTO recommended_location (id, plant_id, location) VALUES ('e22b8518-2411-47c1-ae6f-03f5d5fa433d', 'PLT-023', '욕실'::location_type);
INSERT INTO recommended_location (id, plant_id, location) VALUES ('78a3476c-de0f-4f9f-b0b3-f4e8fe0496fc', 'PLT-023', '주방'::location_type);
INSERT INTO recommended_location (id, plant_id, location) VALUES ('74df93b6-1bb0-4c97-9feb-da05fc0080aa', 'PLT-024', '욕실'::location_type);
INSERT INTO recommended_location (id, plant_id, location) VALUES ('ae005937-6298-4bf8-bee9-73afded07ef6', 'PLT-024', '행잉'::location_type);
INSERT INTO recommended_location (id, plant_id, location) VALUES ('3230dca0-cf09-4bca-a66a-8291248996ea', 'PLT-025', '욕실'::location_type);
INSERT INTO recommended_location (id, plant_id, location) VALUES ('07d42845-1110-4ba0-9a8c-58ef9dcfa615', 'PLT-025', '주방'::location_type);
INSERT INTO recommended_location (id, plant_id, location) VALUES ('e7203822-e773-48e5-badc-2aef1986667b', 'PLT-026', '베란다'::location_type);
INSERT INTO recommended_location (id, plant_id, location) VALUES ('e16294c0-7aaa-47c3-8a6b-83c7ccec4d0d', 'PLT-026', '현관'::location_type);
INSERT INTO recommended_location (id, plant_id, location) VALUES ('4d169019-638a-4053-a9d8-9177ef0a35df', 'PLT-026', '주방'::location_type);
INSERT INTO recommended_location (id, plant_id, location) VALUES ('dbd838fa-da05-430b-b1e1-d9fb3a2d4457', 'PLT-027', '베란다'::location_type);
INSERT INTO recommended_location (id, plant_id, location) VALUES ('f2969a9e-dc23-4b13-a022-0a4f6fa183a1', 'PLT-027', '현관'::location_type);
INSERT INTO recommended_location (id, plant_id, location) VALUES ('8e550a06-fd01-427f-a7ee-a619b9edc391', 'PLT-028', '베란다'::location_type);
INSERT INTO recommended_location (id, plant_id, location) VALUES ('cd8ee3d4-5d32-4c9c-8979-aa39530b7ae3', 'PLT-028', '창가'::location_type);
INSERT INTO recommended_location (id, plant_id, location) VALUES ('f1ebd5b2-bd5b-496e-af07-b78961702ba7', 'PLT-029', '사무실'::location_type);
INSERT INTO recommended_location (id, plant_id, location) VALUES ('8a906e76-7bd9-4f8b-94b7-e933c7561ae7', 'PLT-029', '침실'::location_type);
INSERT INTO recommended_location (id, plant_id, location) VALUES ('1f37251b-7107-4010-bd0b-6cd52408bb07', 'PLT-030', '사무실'::location_type);
INSERT INTO recommended_location (id, plant_id, location) VALUES ('b1673b52-d394-4088-b63b-846df443590f', 'PLT-030', '침실'::location_type);
INSERT INTO recommended_location (id, plant_id, location) VALUES ('ecd49078-d476-46c7-a2cf-6c2a81d76aa8', 'PLT-030', '복도'::location_type);
INSERT INTO recommended_location (id, plant_id, location) VALUES ('7795e2a9-863c-4166-a817-822e49598ed6', 'PLT-031', '사무실'::location_type);
INSERT INTO recommended_location (id, plant_id, location) VALUES ('a2f66b01-17c6-4ce4-b44d-e98d116da37b', 'PLT-031', '로비'::location_type);
INSERT INTO recommended_location (id, plant_id, location) VALUES ('0a27ae52-0dba-4080-b157-d3ef2f48a55d', 'PLT-032', '사무실'::location_type);
INSERT INTO recommended_location (id, plant_id, location) VALUES ('12e6bfee-c536-4dca-ac07-b153b01fedbf', 'PLT-032', '거실'::location_type);

-- =====================
-- categories
-- =====================
INSERT INTO categories (plant_id, env_type_id, level) VALUES ('PLT-001', 'ENV-01', 'O'::category_level);
INSERT INTO categories (plant_id, env_type_id, level) VALUES ('PLT-001', 'ENV-03', '△'::category_level);
INSERT INTO categories (plant_id, env_type_id, level) VALUES ('PLT-001', 'ENV-06', '△'::category_level);
INSERT INTO categories (plant_id, env_type_id, level) VALUES ('PLT-002', 'ENV-01', 'O'::category_level);
INSERT INTO categories (plant_id, env_type_id, level) VALUES ('PLT-002', 'ENV-03', '△'::category_level);
INSERT INTO categories (plant_id, env_type_id, level) VALUES ('PLT-002', 'ENV-08', '△'::category_level);
INSERT INTO categories (plant_id, env_type_id, level) VALUES ('PLT-003', 'ENV-01', 'O'::category_level);
INSERT INTO categories (plant_id, env_type_id, level) VALUES ('PLT-003', 'ENV-02', '△'::category_level);
INSERT INTO categories (plant_id, env_type_id, level) VALUES ('PLT-003', 'ENV-03', '△'::category_level);
INSERT INTO categories (plant_id, env_type_id, level) VALUES ('PLT-003', 'ENV-06', '△'::category_level);
INSERT INTO categories (plant_id, env_type_id, level) VALUES ('PLT-003', 'ENV-09', '△'::category_level);
INSERT INTO categories (plant_id, env_type_id, level) VALUES ('PLT-004', 'ENV-01', 'O'::category_level);
INSERT INTO categories (plant_id, env_type_id, level) VALUES ('PLT-004', 'ENV-03', '△'::category_level);
INSERT INTO categories (plant_id, env_type_id, level) VALUES ('PLT-004', 'ENV-04', 'O'::category_level);
INSERT INTO categories (plant_id, env_type_id, level) VALUES ('PLT-005', 'ENV-01', 'O'::category_level);
INSERT INTO categories (plant_id, env_type_id, level) VALUES ('PLT-005', 'ENV-06', 'O'::category_level);
INSERT INTO categories (plant_id, env_type_id, level) VALUES ('PLT-006', 'ENV-02', 'O'::category_level);
INSERT INTO categories (plant_id, env_type_id, level) VALUES ('PLT-006', 'ENV-03', '△'::category_level);
INSERT INTO categories (plant_id, env_type_id, level) VALUES ('PLT-006', 'ENV-09', 'O'::category_level);
INSERT INTO categories (plant_id, env_type_id, level) VALUES ('PLT-007', 'ENV-02', 'O'::category_level);
INSERT INTO categories (plant_id, env_type_id, level) VALUES ('PLT-007', 'ENV-03', '△'::category_level);
INSERT INTO categories (plant_id, env_type_id, level) VALUES ('PLT-007', 'ENV-05', '△'::category_level);
INSERT INTO categories (plant_id, env_type_id, level) VALUES ('PLT-007', 'ENV-06', '△'::category_level);
INSERT INTO categories (plant_id, env_type_id, level) VALUES ('PLT-007', 'ENV-09', 'O'::category_level);
INSERT INTO categories (plant_id, env_type_id, level) VALUES ('PLT-008', 'ENV-02', 'O'::category_level);
INSERT INTO categories (plant_id, env_type_id, level) VALUES ('PLT-008', 'ENV-03', '△'::category_level);
INSERT INTO categories (plant_id, env_type_id, level) VALUES ('PLT-008', 'ENV-09', '△'::category_level);
INSERT INTO categories (plant_id, env_type_id, level) VALUES ('PLT-009', 'ENV-02', 'O'::category_level);
INSERT INTO categories (plant_id, env_type_id, level) VALUES ('PLT-009', 'ENV-03', 'O'::category_level);
INSERT INTO categories (plant_id, env_type_id, level) VALUES ('PLT-009', 'ENV-09', '△'::category_level);
INSERT INTO categories (plant_id, env_type_id, level) VALUES ('PLT-010', 'ENV-03', 'O'::category_level);
INSERT INTO categories (plant_id, env_type_id, level) VALUES ('PLT-010', 'ENV-07', '△'::category_level);
INSERT INTO categories (plant_id, env_type_id, level) VALUES ('PLT-011', 'ENV-01', '△'::category_level);
INSERT INTO categories (plant_id, env_type_id, level) VALUES ('PLT-011', 'ENV-03', 'O'::category_level);
INSERT INTO categories (plant_id, env_type_id, level) VALUES ('PLT-012', 'ENV-03', 'O'::category_level);
INSERT INTO categories (plant_id, env_type_id, level) VALUES ('PLT-012', 'ENV-07', 'O'::category_level);
INSERT INTO categories (plant_id, env_type_id, level) VALUES ('PLT-013', 'ENV-03', 'O'::category_level);
INSERT INTO categories (plant_id, env_type_id, level) VALUES ('PLT-013', 'ENV-07', 'O'::category_level);
INSERT INTO categories (plant_id, env_type_id, level) VALUES ('PLT-014', 'ENV-01', '△'::category_level);
INSERT INTO categories (plant_id, env_type_id, level) VALUES ('PLT-014', 'ENV-04', 'O'::category_level);
INSERT INTO categories (plant_id, env_type_id, level) VALUES ('PLT-015', 'ENV-03', '△'::category_level);
INSERT INTO categories (plant_id, env_type_id, level) VALUES ('PLT-015', 'ENV-04', 'O'::category_level);
INSERT INTO categories (plant_id, env_type_id, level) VALUES ('PLT-015', 'ENV-07', 'O'::category_level);
INSERT INTO categories (plant_id, env_type_id, level) VALUES ('PLT-016', 'ENV-01', 'O'::category_level);
INSERT INTO categories (plant_id, env_type_id, level) VALUES ('PLT-016', 'ENV-04', 'O'::category_level);
INSERT INTO categories (plant_id, env_type_id, level) VALUES ('PLT-017', 'ENV-03', '△'::category_level);
INSERT INTO categories (plant_id, env_type_id, level) VALUES ('PLT-017', 'ENV-05', 'O'::category_level);
INSERT INTO categories (plant_id, env_type_id, level) VALUES ('PLT-017', 'ENV-08', 'O'::category_level);
INSERT INTO categories (plant_id, env_type_id, level) VALUES ('PLT-018', 'ENV-03', '△'::category_level);
INSERT INTO categories (plant_id, env_type_id, level) VALUES ('PLT-018', 'ENV-05', 'O'::category_level);
INSERT INTO categories (plant_id, env_type_id, level) VALUES ('PLT-019', 'ENV-05', 'O'::category_level);
INSERT INTO categories (plant_id, env_type_id, level) VALUES ('PLT-019', 'ENV-08', '△'::category_level);
INSERT INTO categories (plant_id, env_type_id, level) VALUES ('PLT-020', 'ENV-01', 'O'::category_level);
INSERT INTO categories (plant_id, env_type_id, level) VALUES ('PLT-020', 'ENV-06', 'O'::category_level);
INSERT INTO categories (plant_id, env_type_id, level) VALUES ('PLT-021', 'ENV-01', 'O'::category_level);
INSERT INTO categories (plant_id, env_type_id, level) VALUES ('PLT-021', 'ENV-06', 'O'::category_level);
INSERT INTO categories (plant_id, env_type_id, level) VALUES ('PLT-022', 'ENV-06', 'O'::category_level);
INSERT INTO categories (plant_id, env_type_id, level) VALUES ('PLT-022', 'ENV-08', 'O'::category_level);
INSERT INTO categories (plant_id, env_type_id, level) VALUES ('PLT-023', 'ENV-07', 'O'::category_level);
INSERT INTO categories (plant_id, env_type_id, level) VALUES ('PLT-024', 'ENV-07', 'O'::category_level);
INSERT INTO categories (plant_id, env_type_id, level) VALUES ('PLT-025', 'ENV-03', '△'::category_level);
INSERT INTO categories (plant_id, env_type_id, level) VALUES ('PLT-025', 'ENV-07', 'O'::category_level);
INSERT INTO categories (plant_id, env_type_id, level) VALUES ('PLT-026', 'ENV-08', 'O'::category_level);
INSERT INTO categories (plant_id, env_type_id, level) VALUES ('PLT-027', 'ENV-06', '△'::category_level);
INSERT INTO categories (plant_id, env_type_id, level) VALUES ('PLT-027', 'ENV-08', 'O'::category_level);
INSERT INTO categories (plant_id, env_type_id, level) VALUES ('PLT-028', 'ENV-08', 'O'::category_level);
INSERT INTO categories (plant_id, env_type_id, level) VALUES ('PLT-029', 'ENV-02', 'O'::category_level);
INSERT INTO categories (plant_id, env_type_id, level) VALUES ('PLT-029', 'ENV-03', '△'::category_level);
INSERT INTO categories (plant_id, env_type_id, level) VALUES ('PLT-029', 'ENV-09', 'O'::category_level);
INSERT INTO categories (plant_id, env_type_id, level) VALUES ('PLT-030', 'ENV-02', 'O'::category_level);
INSERT INTO categories (plant_id, env_type_id, level) VALUES ('PLT-030', 'ENV-06', '△'::category_level);
INSERT INTO categories (plant_id, env_type_id, level) VALUES ('PLT-030', 'ENV-09', 'O'::category_level);
INSERT INTO categories (plant_id, env_type_id, level) VALUES ('PLT-031', 'ENV-03', '△'::category_level);
INSERT INTO categories (plant_id, env_type_id, level) VALUES ('PLT-031', 'ENV-09', 'O'::category_level);
INSERT INTO categories (plant_id, env_type_id, level) VALUES ('PLT-032', 'ENV-03', '△'::category_level);
INSERT INTO categories (plant_id, env_type_id, level) VALUES ('PLT-032', 'ENV-07', '△'::category_level);
INSERT INTO categories (plant_id, env_type_id, level) VALUES ('PLT-032', 'ENV-09', 'O'::category_level);